<?xml version="1.0" encoding="UTF-8" standalone="yes"?>
<APIProxy revision="1" name="node-hosted-express">
    <Basepaths>/node_webapp_apiproxy</Basepaths>
    <ConfigurationVersion majorVersion="4" minorVersion="0"/>
    <DisplayName>node_webapp_apiproxy</DisplayName>

    <ProxyEndpoints>
        <ProxyEndpoint>default</ProxyEndpoint>
    </ProxyEndpoints>

    <Resources>
        <Resource>hosted://app.yaml</Resource>
        <Resource>hosted://index.js</Resource>
        <Resource>hosted://package.json</Resource>
    </Resources>

    <TargetServers/>
    <TargetEndpoints>
        <TargetEndpoint>default</TargetEndpoint>
    </TargetEndpoints>
</APIProxy>
